{
  "width": 750,
  "height": 1334,
  "frame": {
    "ne": [38.244506,-121.856296],
    "sw": [37.547562,-122.352989]
  },
  "places": [
    {
      "name": "Oakland",
      "latlon": [
        37.806145,
        -122.272951
      ]
    },
    {
      "name": "Berkeley",
      "latlon": [
        37.872302,
        -122.275698
      ]
    }
  ]
}
