{
  "width": 750,
  "height": 1334,
  "frame": {
    "ne": [38.471376,-122.408907],
    "sw": [37.781422,-122.901924]
  },
  "places": [
    {
      "name": "Null Island",
      "latlon": [
        0,
        0
      ]
    }
  ]
}
