{
  "mode": "rain",
  "filename": "porto",
  "width": 750,
  "height": 1334,
  "frame": {
    "ne": [64.46299,11.471713],
    "sw": [62.32885,8.769076]
  },
  "places": [
  ]
}
